No.	Phase	Skill / Pattern	Problem / Context	AI Prompt	AI Output	Critical Thinking & Synthesis	Final Output
11	DECISION	Decomposition	The SRS document requires more precise and formal sections for the Introduction, Scope, and Existing Systems regarding the RentWise platform.	Draft a formal Introduction, Scope, and Existing Systems section for the RentWise room search and booking system, suitable for an SRS document.	The AI generated a comprehensive platform overview covering tenants, landlords, and admins, detailing features like room searching, booking, deposits, chat, and system management.	Critical Thinking: The AI's structure was solid, but its examples leaned too much toward generic hotel bookings. Contextualization: Our system is strictly for long-term room rentals (students/workers). Creative Synthesis: I manually refined the content to align perfectly with long-term rental business logic and finalized the sections.	Refined SRS: Introduction, Scope, and Existing Systems
12	PROBLEM-SOLVING	Pattern Recognition	We need a clear, easy-to-understand explanation of the ERD relationships (1:N, N:M) to confidently answer the lecturer's questions during the defense.	Explain the database relationships for RentWise (User-Profile, Room-Booking, Room-Contract, Contract-Payment) in simple, presentation-friendly terms.	The AI provided standard relationship breakdowns: 1 user : 1 profile, 1 landlord : N rooms, 1 room : N requests, and how payments tie into contracts.	Critical Thinking: The explanation was clear, but needed slight tweaks to match our specific ERD design. Contextualization: Our payment logic must strictly follow the deposit-to-contract flow. Creative Synthesis: I extracted the core ideas and simplified them into bullet points specifically tailored for an oral presentation.	ERD Relationship Presentation Notes
13	VERIFICATION	Abstraction	The Use Case diagram is becoming overly cluttered because almost every action includes <<include>> Login or Send Notification.	Evaluate if 'Login' and 'Send Notification' need to be included as relationships in every single use case for the RentWise diagram.	The AI advised that 'Login' is a global precondition and doesn't need to be drawn everywhere. 'Notification' should only be modeled for major trigger events.	Critical Thinking: The AI's advice was theoretically correct and helps prevent visual overload. Contextualization: The lecturer prefers clean, highly readable diagrams over redundant connections. Creative Synthesis: I removed redundant login lines, set authentication as a general precondition, and only linked notifications to critical flows (e.g., booking approval, payments).	Streamlined Use Case Diagram + Defense Explanation
14	PROBLEM-SOLVING	Algorithms	The system lacks a clearly defined status lifecycle for the room booking process, from the initial viewing request to the final contract.	Design a step-by-step status lifecycle for a rental request in RentWise, covering the flow from viewing the room to paying the deposit.	The AI proposed a list of statuses: Pending, Approved, Pending Payment, Deposited, Contract Created, Rejected, Cancelled, and Expired.	Critical Thinking: The statuses were useful, but lacked clear transition rules (who triggers what). Contextualization: In our flow, the landlord must approve first before the tenant can pay the deposit. Creative Synthesis: I built a strict state machine: Submitted -> Approved -> Pending Deposit -> Deposited -> Contract Created, along with edge cases (Rejected/Cancelled).	State Machine Diagram / Booking Flowchart
15	DECISION	Pattern Recognition	The team needs a concise summary of this week's progress for the Jira sprint update, covering the SRS updates and AI Audit Log.	Write a brief weekly Jira status update summarizing the completion of RentWise SRS sections (Intro, Scope, Existing Systems) and the AI Audit Log.	The AI generated a short status report highlighting the finished SRS sections, updated audit logs, hallucination checks, and presentation prep.	Contextualization: The update must accurately reflect our specific sprint board tasks. Creative Synthesis: I adapted the AI's wording to explicitly mention the ERD explanations and the booking flow state diagram we finalized. Decision Ownership: I finalized the text to ensure our Jira tracking remains precise and professional.	Weekly Jira Sprint Update / Comment
16	DECISION	Decomposition	As Week 3 kicks off frontend development, we need to break down the UI into logical pages and reusable components for all roles.	Break down the frontend structure for RentWise into specific pages, reusable components, and user flows for Tenants, Landlords, and Admins.	The AI outlined a full sitemap including Home, Room Details, Dashboards (Tenant/Landlord), Booking Management, and Admin Moderation.	Critical Thinking: The AI's breakdown was comprehensive, but too large for a single sprint. Contextualization: We need to prioritize the Tenant search flow and Authentication first. Creative Synthesis: I cross-referenced the AI's list with our Use Case diagram and prioritized reusable UI elements like Navbar, RoomCard, and FilterBar for Sprint 1.	Frontend Sitemap & Component Structure Plan
17	PROBLEM-SOLVING	Pattern Recognition	The frontend UI must support intuitive search behaviors (filtering by location/price) and provide clear room details.	Design the frontend flow for searching rental rooms in RentWise, including filter panels and room cards.	The AI suggested a standard search bar, a filter sidebar, room cards displaying price/area/location, and a detailed property page with action buttons.	Critical Thinking: The UI flow matched user behavior but contained complex filter fields unsuitable for an MVP. Contextualization: I streamlined the filters to core metrics (location, price, room type, amenities). Creative Synthesis: I modularized the UI into distinct components: SearchPage, FilterSidebar, RoomList, and RoomCard.	Search Page Wireframe & Component List
18	DECISION	Abstraction	To ensure team collaboration and clean code, we need a consistent React folder structure and naming convention.	Suggest a scalable React frontend folder structure and component naming convention for the RentWise web app.	The AI proposed a robust structure dividing src/ into components, pages, services, hooks, assets, and routes, utilizing PascalCase.	Critical Thinking: The AI's architecture was great for enterprise apps but slightly over-engineered for a student project. Contextualization: I stripped away unnecessary layers. Creative Synthesis: I adopted a simplified structure (components/, pages/, routes/, services/) to keep development agile.	React Folder Structure Architecture
19	VERIFICATION	Algorithms	The AI's initial UI layout was heavily desktop-focused, ignoring the fact that most tenants use mobile devices.	Analyze potential UX issues in a desktop-first frontend design for the RentWise platform.	The AI highlighted risks such as squeezed filter sidebars, overcrowded room cards, and poor touch targets on mobile screens.	Critical Thinking: OVERSIMPLIFICATION DETECTED: The original plan completely neglected mobile responsiveness. Contextualization: We must prioritize a mobile-friendly search experience. Creative Synthesis: I revised the design to feature a collapsible mobile filter menu and vertically stacking room cards.	Responsive UI / UX Checklist
20	PROBLEM-SOLVING	Algorithms	Authentication forms (Login, Register, Forgot Password) require robust frontend validation before hitting our API.	Draft frontend validation rules for the login, registration, password reset, and profile update forms.	The AI provided standard rules: required fields, minimum password length, matching confirmation passwords, and regex for phone numbers/emails.	Critical Thinking: The AI's password policies were too strict for a prototyping phase. Contextualization: We only need essential validation to prevent bad API calls. Creative Synthesis: I implemented inline error messages and disabled the submit button dynamically without overly complex regex rules.	Auth Form Validation Specifications
21	DECISION	Decomposition	Moving into backend development (Week 4), the authentication module must be cleanly separated into APIs and services.	Deconstruct the backend authentication module for RentWise into API endpoints (Register, Login, Google OAuth, Forgot Password).	The AI mapped out a comprehensive structure of controllers, services, and routes for Auth, User Profiles, OTPs, and token management.	Critical Thinking: The breakdown was excellent, but integrating Google OAuth and OTP immediately would derail the sprint timeline. Contextualization: We must build local JWT auth first. Creative Synthesis: I scoped the sprint to separate auth.controller and auth.service, postponing external OAuth integrations.	Backend Authentication Module Plan
22	PROBLEM-SOLVING	Abstraction	The database schema needs specific fields to handle user credentials, OTP resets, and profile management securely.	Design the database schema fields for Users, Profiles, and OTP resets in the RentWise system.	The AI suggested a Users table (email, passwordHash, role), Profiles table (fullName, phone, avatar), and a PasswordResetOtp table.	Critical Thinking: The AI output was solid but missed some critical security nuances regarding OTP hashing. Contextualization: We cannot store raw OTPs. Creative Synthesis: I updated the schema to include secure fields: passwordHash, googleId, resetOtpHash, and resetOtpExpires.	Authentication Database Schema Update
23	VERIFICATION	Abstraction	The AI initially suggested storing authentication JWTs in localStorage, which poses significant security risks.	Evaluate the security implications of storing JWTs in localStorage versus httpOnly cookies for the RentWise app.	The AI explained that localStorage is convenient but highly vulnerable to XSS attacks, whereas httpOnly cookies mitigate token theft.	Critical Thinking: OVERSIMPLIFICATION DETECTED: The AI's initial code snippet used localStorage carelessly. Contextualization: We are building a secure rental platform handling financial data. Creative Synthesis: I mandated the use of httpOnly cookies for session management to strictly prevent XSS vulnerabilities.	Auth Security & Token Handling Decision
24	PROBLEM-SOLVING	Algorithms	The 'Forgot Password' flow must be highly secure and avoid exposing whether an email is registered in our database.	Write a secure backend logic flow for resetting passwords using OTP and email verification.	The AI recommended a standard flow: request reset -> generate OTP -> email OTP -> verify -> set new password -> invalidate OTP.	Critical Thinking: The core flow was accurate, but the AI failed to consider user enumeration vulnerabilities. Contextualization: The API response must be generic. Creative Synthesis: I enforced a generic success message ("If the email exists, an OTP was sent") and implemented rate-limiting for OTP attempts.	Secure Forgot Password API Flow
25	VERIFICATION	Pattern Recognition	The 'Update Profile' API poses a risk if users can freely modify protected system fields (e.g., admin roles).	Analyze the security vulnerabilities involved in implementing a profile update API.	The AI flagged risks such as mass assignment, bypassing authentication middleware, and accepting unsafe avatar file types.	Critical Thinking: The AI correctly identified mass assignment risks. Contextualization: Users should only modify basic info (name, phone, avatar). Creative Synthesis: I enforced strict request body whitelisting to reject role or status changes and applied proper authentication middleware.	Profile Update Validation Specifications
26	DECISION	Decomposition	Week 5 kicks off the backend implementation for Landlords, necessitating a clear separation of business logic and APIs.	Break down the backend architecture for Landlord features in RentWise: room management, rental requests, contracts, and analytics.	The AI proposed creating distinct micro-services for LandlordRoom, RentalRequest, Contract, ViewingSchedule, and Dashboards.	Critical Thinking: The AI's micro-service approach was too granular and complex for our current sprint. Contextualization: We need to prioritize MVP landlord features. Creative Synthesis: I consolidated the structure to focus solely on room CRUD, request approvals, and basic dashboard metrics first.	Landlord Backend API Architecture
27	PROBLEM-SOLVING	Algorithms	Landlords require dedicated APIs to securely create, update, and delete room listings containing multimedia and facility data.	Draft validation rules and API logic for Landlords managing their rental room postings.	The AI provided rules requiring price > 0, area > 0, mandatory addresses, and validating ownership before allowing edits or deletions.	Critical Thinking: The validation rules were sound, but the AI's image handling approach was unnecessarily complicated. Contextualization: We need a straightforward image URL storage system initially. Creative Synthesis: I separated core room data validation from image/facility handling, managing them across related database tables.	Room CRUD API Logic & Validation
28	PROBLEM-SOLVING	Pattern Recognition	A strict backend flow is required for Landlords to review, approve, or reject rental requests before any deposits are made.	Design the backend logic for a Landlord approving or rejecting a prospective tenant's rental request in RentWise.	The AI mapped a flow: fetch pending requests -> validate status -> approve/reject -> update DB -> notify tenant -> set status to Pending Deposit.	Critical Thinking: The logic was good but lacked safeguards against processing already-resolved requests. Contextualization: Strict state transitions are required. Creative Synthesis: I implemented a lock mechanism allowing transitions ONLY from 'Pending' to 'Approved' or 'Rejected', preventing duplicate approvals.	Rental Request Approval API Logic
29	VERIFICATION	Abstraction	Landlord APIs carry severe security risks if they rely solely on URL parameters (roomId/requestId) without verifying actual ownership.	Assess authorization flaws in Landlord APIs managing rooms and incoming rental requests.	The AI warned that without proper checks, any authenticated landlord could maliciously modify another landlord's property listings.	Critical Thinking: OVERSIMPLIFICATION DETECTED: A basic role-check middleware is insufficient for resource management. Contextualization: Landlords can exclusively manage properties they created. Creative Synthesis: I mandated a strict resource-ownership condition (verifying landlordId) across all update/delete/approve queries.	Landlord API Authorization Checklist
30	PROBLEM-SOLVING	Algorithms	Following a successful deposit payment, the backend must coordinate request statuses, room availability, and contract generation.	Design a robust backend workflow linking approved requests, successful deposit payments, and automatic contract creation.	The AI suggested verifying payment success, validating room availability, retrieving tenant info, and instantly generating an 'Active' Contract.	Critical Thinking: The AI's sequence was flawed; contracts shouldn't activate immediately upon deposit. Contextualization: Our business rule dictates a 'Pending Signature' phase. Creative Synthesis: I adjusted the flow so successful payments trigger a status update to 'Deposited' and generate a draft contract awaiting signatures.	Deposit & Contract Generation Backend Flow
31	DECISION	Decomposition	Week 6 introduces Admin functionality, requiring the backend to be segmented into moderation, user control, and reporting modules.	Break down the Admin backend architecture for RentWise into logical API groups and management services.	The AI outlined modules for User Management, Room Moderation, Complaint Handling, Analytics, and Notification Services.	Critical Thinking: The module list was comprehensive but slightly bloated. Contextualization: Week 6 is strictly allocated for core moderation tasks. Creative Synthesis: I filtered the modules down to exactly match the SRS requirements: User Management, Room Moderation, and Complaint Handling, deferring notifications.	Admin Backend Architecture Plan
32	PROBLEM-SOLVING	Algorithms	Administrators need systematic backend logic to review, approve, reject, or hide non-compliant room listings.	Draft the backend workflow for Admin moderation of room listings within a rental platform.	The AI proposed a linear lifecycle moving listings between Pending, Approved, and Rejected statuses with attached moderation notes.	Critical Thinking: The AI's linear flow ignored post-approval moderation scenarios. Contextualization: Admins must be able to pull down active listings if violations are reported. Creative Synthesis: I engineered a 'Hidden' status allowing Admins to temporarily or permanently suspend active rooms for investigation.	Room Moderation API Workflow
33	PROBLEM-SOLVING	Pattern Recognition	Admin user management must balance platform security (banning users) with strict data retention policies for audit trails.	Design the backend API logic for Admins to suspend, reactivate, or delete user accounts securely.	The AI suggested managing accounts via Active, Suspended, and Deleted statuses using standard CRUD deletion logic.	Critical Thinking: The AI's hard-deletion approach would catastrophically break relational data (contracts, payments). Contextualization: Financial and rental histories must be preserved indefinitely. Creative Synthesis: I implemented a 'Soft Delete' architecture to retain referential integrity while fully revoking user access.	User Management API Specifications
34	VERIFICATION	Abstraction	The complaint management module requires a watertight status lifecycle to handle disputes efficiently.	Evaluate the proposed complaint handling workflow for RentWise and identify any structural gaps or missing states.	The AI suggested a basic ticket lifecycle utilizing Open, In Progress, Resolved, and Closed statuses.	Critical Thinking: OVERSIMPLIFICATION DETECTED: The AI assumed all complaints are valid and resolvable. Contextualization: We need a mechanism to dismiss fraudulent or evidence-lacking complaints. Creative Synthesis: I integrated a 'Rejected' status alongside mandatory 'Admin Resolution Notes' to maintain absolute transparency.	Complaint Handling Workflow Architecture
35	PROBLEM-SOLVING	Algorithms	The Admin dashboard requires real-time statistics to monitor overall platform health and identify operational bottlenecks.	Suggest key backend metrics and API designs for the RentWise Admin dashboard.	The AI recommended calculating total users, active landlords/tenants, room listings, requests, complaints, and detailed revenue statistics.	Critical Thinking: The AI provided excellent metrics, but complex revenue reporting falls outside our current MVP scope. Contextualization: RentWise prioritizes room moderation and rental workflows first. Creative Synthesis: I pruned the analytics to focus heavily on user growth, room statuses, and unresolved complaints for actionable monitoring.	Admin Dashboard API Architecture
36	PROBLEM-SOLVING	Pattern Recognition	The Tenant Frontend requires a multi-condition search interface (price, area, location) that remains highly responsive on mobile devices.	Write a React component for filtering rental rooms with multiple criteria, featuring a mobile-collapsible sidebar using Tailwind CSS.	The AI provided frontend code utilizing useState for mobile toggling and basic Array.filter() logic for client-side data manipulation.	Critical Thinking: The AI's client-side filtering approach is disastrous for large datasets. Contextualization: We must perform pagination and filtering on the server. Creative Synthesis: I refactored the UI to pass URL query parameters to the backend and implemented a useDebounce hook to prevent API spamming during typing.	SearchRoom Filter UI & Debounce Integration
37	VERIFICATION	Abstraction	The Room Details page must display image carousels, extensive descriptions, and landlord profiles while gracefully handling loading/error states.	How to fetch and display rental room details in React, integrating an image slider and proper loading/error fallback UI?	The AI dumped the entire fetch API logic, state management, and HTML structure directly into a single massive RoomDetails component.	Critical Thinking: Mixing complex API logic with presentation UI violates separation of concerns. Contextualization: React components should remain pure and readable. Creative Synthesis: I abstracted the data fetching logic into a custom 'useFetchRoomDetails' hook, allowing the main component to focus purely on rendering.	Abstracted Custom Hook (useFetchRoomDetails)
38	DECISION	Algorithms	Unpaid booking deposits must strictly expire after 24 hours to free up the room for other prospective tenants.	Write Node.js backend logic to automatically expire a 'Pending Deposit' booking status exactly 24 hours after creation.	The AI recommended adding an expirationDate column and utilizing 'node-cron' to loop through the entire database every minute.	Critical Thinking: Continuous DB scanning via cron jobs is incredibly inefficient and drains server resources. Contextualization: We need targeted, event-driven expirations. Creative Synthesis: I discarded node-cron in favor of BullMQ Delayed Jobs, executing the expiration logic exactly once per booking precisely 24 hours later.	Optimized Expiration Logic via BullMQ
39	DECISION	Decomposition	The room booking process involves entering personal data, reviewing policies, and uploading receipts, which is too overwhelming for a single page.	Design a multi-step modal booking form in React covering: Review details, Confirm information, and Upload payment receipt.	The AI generated a colossal, monolithic component utilizing messy if/else blocks to conditionally render steps based on a single state variable.	Critical Thinking: The monolithic code structure was unmaintainable and highly prone to bugs. Contextualization: Complex forms must be modularized. Creative Synthesis: I decomposed the UI into a parent 'BookingStepper' wrapping three isolated child components: ReviewStep, ConfirmStep, and PaymentStep.	Modularized BookingStepper Architecture
40	PROBLEM-SOLVING	Algorithms	Tenants require a robust complaint submission system supporting evidence image uploads and standardized resolution tracking.	Write an API for Tenants to submit complaints, including image upload handling and strict state tracking (Open, In Progress, Resolved).	The AI built a basic REST API utilizing the 'multer' library to save images directly into the local /public/uploads directory.	Critical Thinking: Saving media locally will cause permanent data loss upon deployment to cloud hosts (like Render/Vercel). Contextualization: We require persistent cloud storage. Creative Synthesis: I integrated the Cloudinary SDK for image hosting and expanded the database ENUM to include a 'Rejected' status for invalid claims.	Cloudinary-Integrated Complaint API
41	VERIFICATION	Pattern Recognition	During testing, the frontend threw a 404 Not Found error whenever a Landlord attempted to approve a rental request.	When a landlord clicks approve, the frontend calls /api/landlord/requests/:id/approve and receives a 404 error. How do I fix this?	The AI analyzed the error as a routing mismatch and instructed me to cross-reference the frontend Axios URL with the Express router definitions.	Critical Thinking: The AI correctly diagnosed the root cause. Contextualization: I audited the backend router and confirmed the endpoint was actually named '/api/landlord/rental-requests'. Creative Synthesis: I updated the frontend fetch URL to align perfectly with the backend schema, resolving the broken connection.	API Routing Resolution & Bug Fix
42	DECISION	Abstraction	The in-app messaging interface was temporarily using hardcoded mock data and needed to be wired up to the live SQL database.	I am using mock data for Messages. Provide the logic for a custom 'useConversations' hook that fetches real API data upon chat selection.	The AI provided a clean useEffect hook to fetch from /api/landlord/conversations, handling loading flags and potential network errors.	Critical Thinking: The AI's abstraction approach was perfect for swapping out mock data. Contextualization: We needed a seamless transition to live data without breaking the UI. Creative Synthesis: I implemented the hook, purged all static data arrays, and engineered a friendly 'Empty State' UI for users with no message history.	Live Messaging Hook Integration
43	PROBLEM-SOLVING	Algorithms	The chat interface suffered from a UX bug where auto-scrolling to new messages forced the entire webpage to scroll down.	Provide React code to automatically scroll to the bottom of the chat container whenever the messages array updates.	The AI suggested attaching a useEffect that triggers window.scrollTo(0, document.body.scrollHeight) upon new messages.	Critical Thinking: The AI's solution brutally scrolled the main browser window, completely ruining the user experience. Contextualization: Only the internal chat div should scroll. Creative Synthesis: I attached a useRef to the final message element and utilized scrollIntoView({ behavior: 'smooth' }) for a polished, contained scroll effect.	Optimized Chat Auto-Scroll Logic
44	DECISION	Decomposition	The Landlord Profile page rendered completely blank on slow 3G networks while waiting for backend API responses.	The Landlord Profile page is blank during slow network fetches. Write a React snippet to display a loading spinner and an error fallback.	The AI provided standard conditional rendering: returning a <Spinner /> if isLoading is true, and an <Alert /> if an error is caught.	Critical Thinking: The solution was simple but highly effective for improving perceived performance. Contextualization: I validated the UX by intentionally throttling the network to 'Slow 3G' via Chrome DevTools. Creative Synthesis: I integrated the loading states smoothly, ensuring the user immediately knows the system is processing their request.	Profile Page Loading & Error States
45	VERIFICATION	Abstraction	The SQL database lacked strict enforcement for the newly added 'Cancelled' and 'Expired' rental request statuses.	I need to add 'Cancelled' and 'Expired' statuses to the Rental Request table. Guide me on writing an ALTER TABLE script for SQL Server.	The AI generated the precise T-SQL syntax: ALTER TABLE ... DROP CONSTRAINT followed by ADD CONSTRAINT ... CHECK (Status IN (...)).	Critical Thinking: Relying solely on application-level validation is risky. Contextualization: Data integrity must be guaranteed at the database layer. Creative Synthesis: I executed the script in SSMS and forcefully attempted to insert invalid status strings, successfully verifying that the DB engine blocked the transactions.	SQL Check Constraint Enforcement
46	PROBLEM-SOLVING	Algorithms	The Room Search bar was spamming the backend API with a new HTTP request for every single keystroke the user typed.	When searching for rooms, the frontend calls the API on every keystroke. Write a 'useDebounce' custom hook to delay the execution.	The AI provided a classic debounce implementation utilizing setTimeout and clearTimeout with a configurable 500ms delay window.	Critical Thinking: Unthrottled API calls will crash the server under heavy load. Contextualization: We needed to reduce network traffic drastically. Creative Synthesis: I integrated the hook into the SearchBar component. Monitoring the Network tab proved that API calls now only fire after the user completely stops typing.	useDebounce Optimization Integration
47	DECISION	Abstraction	The initial Socket.IO implementation was recklessly broadcasting landlord notifications to every single connected user.	How do I integrate Socket.IO in Express to send a real-time notification to a specific landlord when a new rental request arrives?	The AI provided boilerplate io.on('connection') setup instructions and demonstrated using io.emit('new_request', data).	Critical Thinking: The AI's use of io.emit() was a massive privacy violation, as it broadcasts to the entire server. Contextualization: Notifications must be strictly targeted. Creative Synthesis: I engineered a mapping system tracking userId to socketId, enabling secure, targeted emissions directly to the intended landlord's screen.	Targeted Socket.IO Event Emissions
48	PROBLEM-SOLVING	Pattern Recognition	The Room Listing API was retrieving the entire database table into memory at once, causing severe page load lag.	The room listing API returns all data at once. Provide a standard SQL Server query utilizing OFFSET and FETCH NEXT for pagination.	The AI generated the highly optimized T-SQL query structure: ORDER BY Id OFFSET ? ROWS FETCH NEXT ? ROWS ONLY.	Critical Thinking: Fetching thousands of rows is unsustainable. Contextualization: We must implement true server-side pagination. Creative Synthesis: I parameterized the query in the backend controller, resulting in a 3x faster page load time by delivering exactly 10 records per request.	Server-Side SQL Pagination Implementation
